{"Version":"4.1.4","FableOptions":{"TypedArrays":true,"ClampByteArrays":false,"Language":["JavaScript"],"Define":["FABLE_COMPILER","FABLE_COMPILER_4","FABLE_COMPILER_JAVASCRIPT"],"DebugMode":false,"OptimizeFSharpAst":false,"Verbosity":["Normal"],"FileExtension":".js","TriggeredByDependency":false,"NoReflection":false},"ProjectPath":"C:/Users/HLWei/source/repos/ARC_tools/ARCtrl/src/ARCtrl/ARCtrl.fsproj","SourcePaths":["C:/Users/HLWei/source/repos/ARC_tools/ARCtrl/dist/js/fable_modules/FsSpreadsheet.3.3.0/FsAddress.fs","C:/Users/HLWei/source/repos/ARC_tools/ARCtrl/dist/js/fable_modules/FsSpreadsheet.3.3.0/Cells/FsCell.fs","C:/Users/HLWei/source/repos/ARC_tools/ARCtrl/dist/js/fable_modules/FsSpreadsheet.3.3.0/Cells/FsCellsCollection.fs","C:/Users/HLWei/source/repos/ARC_tools/ARCtrl/dist/js/fable_modules/FsSpreadsheet.3.3.0/Ranges/FsRangeAddress.fs","C:/Users/HLWei/source/repos/ARC_tools/ARCtrl/dist/js/fable_modules/FsSpreadsheet.3.3.0/Ranges/FsRangeBase.fs","C:/Users/HLWei/source/repos/ARC_tools/ARCtrl/dist/js/fable_modules/FsSpreadsheet.3.3.0/Ranges/FsRangeRow.fs","C:/Users/HLWei/source/repos/ARC_tools/ARCtrl/dist/js/fable_modules/FsSpreadsheet.3.3.0/Ranges/FsRangeColumn.fs","C:/Users/HLWei/source/repos/ARC_tools/ARCtrl/dist/js/fable_modules/FsSpreadsheet.3.3.0/Ranges/FsRange.fs","C:/Users/HLWei/source/repos/ARC_tools/ARCtrl/dist/js/fable_modules/FsSpreadsheet.3.3.0/FsRow.fs","C:/Users/HLWei/source/repos/ARC_tools/ARCtrl/dist/js/fable_modules/FsSpreadsheet.3.3.0/FsColumn.fs","C:/Users/HLWei/source/repos/ARC_tools/ARCtrl/dist/js/fable_modules/FsSpreadsheet.3.3.0/Tables/FsTableField.fs","C:/Users/HLWei/source/repos/ARC_tools/ARCtrl/dist/js/fable_modules/FsSpreadsheet.3.3.0/Tables/FsTableRow.fs","C:/Users/HLWei/source/repos/ARC_tools/ARCtrl/dist/js/fable_modules/FsSpreadsheet.3.3.0/Tables/FsTable.fs","C:/Users/HLWei/source/repos/ARC_tools/ARCtrl/dist/js/fable_modules/FsSpreadsheet.3.3.0/FsWorksheet.fs","C:/Users/HLWei/source/repos/ARC_tools/ARCtrl/dist/js/fable_modules/FsSpreadsheet.3.3.0/FsWorkbook.fs","C:/Users/HLWei/source/repos/ARC_tools/ARCtrl/dist/js/fable_modules/FsSpreadsheet.3.3.0/SheetBuilder.fs","C:/Users/HLWei/source/repos/ARC_tools/ARCtrl/dist/js/fable_modules/FsSpreadsheet.3.3.0/DSL/Expression.fs","C:/Users/HLWei/source/repos/ARC_tools/ARCtrl/dist/js/fable_modules/FsSpreadsheet.3.3.0/DSL/Types.fs","C:/Users/HLWei/source/repos/ARC_tools/ARCtrl/dist/js/fable_modules/FsSpreadsheet.3.3.0/DSL/Transform.fs","C:/Users/HLWei/source/repos/ARC_tools/ARCtrl/dist/js/fable_modules/FsSpreadsheet.3.3.0/DSL/Operators.fs","C:/Users/HLWei/source/repos/ARC_tools/ARCtrl/dist/js/fable_modules/FsSpreadsheet.3.3.0/DSL/CellBuilder.fs","C:/Users/HLWei/source/repos/ARC_tools/ARCtrl/dist/js/fable_modules/FsSpreadsheet.3.3.0/DSL/RowBuilder.fs","C:/Users/HLWei/source/repos/ARC_tools/ARCtrl/dist/js/fable_modules/FsSpreadsheet.3.3.0/DSL/ColumnBuilder.fs","C:/Users/HLWei/source/repos/ARC_tools/ARCtrl/dist/js/fable_modules/FsSpreadsheet.3.3.0/DSL/TableBuilder.fs","C:/Users/HLWei/source/repos/ARC_tools/ARCtrl/dist/js/fable_modules/FsSpreadsheet.3.3.0/DSL/SheetBuilder.fs","C:/Users/HLWei/source/repos/ARC_tools/ARCtrl/dist/js/fable_modules/FsSpreadsheet.3.3.0/DSL/WorkbookBuilder.fs","C:/Users/HLWei/source/repos/ARC_tools/ARCtrl/dist/js/fable_modules/FsSpreadsheet.3.3.0/DSL/DSL.fs","C:/Users/HLWei/source/repos/ARC_tools/ARCtrl/dist/js/fable_modules/Thoth.Json.10.1.0/Types.fs","C:/Users/HLWei/source/repos/ARC_tools/ARCtrl/dist/js/fable_modules/Thoth.Json.10.1.0/Decode.fs","C:/Users/HLWei/source/repos/ARC_tools/ARCtrl/dist/js/fable_modules/Thoth.Json.10.1.0/Encode.fs","C:/Users/HLWei/source/repos/ARC_tools/ARCtrl/dist/js/fable_modules/Thoth.Json.10.1.0/Extra.fs","C:/Users/HLWei/source/repos/ARC_tools/ARCtrl/src/FileSystem/Path.fs","C:/Users/HLWei/source/repos/ARC_tools/ARCtrl/src/FileSystem/Commit.fs","C:/Users/HLWei/source/repos/ARC_tools/ARCtrl/src/FileSystem/FileSystemTree.fs","C:/Users/HLWei/source/repos/ARC_tools/ARCtrl/src/FileSystem/FileSystem.fs","C:/Users/HLWei/source/repos/ARC_tools/ARCtrl/src/ISA/ISA/Url.fs","C:/Users/HLWei/source/repos/ARC_tools/ARCtrl/src/ISA/ISA/Regex.fs","C:/Users/HLWei/source/repos/ARC_tools/ARCtrl/src/ISA/ISA/Fable.fs","C:/Users/HLWei/source/repos/ARC_tools/ARCtrl/src/ISA/ISA/Update.fs","C:/Users/HLWei/source/repos/ARC_tools/ARCtrl/src/ISA/ISA/OptionExtensions.fs","C:/Users/HLWei/source/repos/ARC_tools/ARCtrl/src/ISA/ISA/Printer.fs","C:/Users/HLWei/source/repos/ARC_tools/ARCtrl/src/ISA/ISA/JsonTypes/URI.fs","C:/Users/HLWei/source/repos/ARC_tools/ARCtrl/src/ISA/ISA/JsonTypes/Comment.fs","C:/Users/HLWei/source/repos/ARC_tools/ARCtrl/src/ISA/ISA/JsonTypes/CommentList.fs","C:/Users/HLWei/source/repos/ARC_tools/ARCtrl/src/ISA/ISA/JsonTypes/AnnotationValue.fs","C:/Users/HLWei/source/repos/ARC_tools/ARCtrl/src/ISA/ISA/JsonTypes/OntologyAnnotation.fs","C:/Users/HLWei/source/repos/ARC_tools/ARCtrl/src/ISA/ISA/JsonTypes/OntologySourceReference.fs","C:/Users/HLWei/source/repos/ARC_tools/ARCtrl/src/ISA/ISA/JsonTypes/Value.fs","C:/Users/HLWei/source/repos/ARC_tools/ARCtrl/src/ISA/ISA/JsonTypes/Factor.fs","C:/Users/HLWei/source/repos/ARC_tools/ARCtrl/src/ISA/ISA/JsonTypes/FactorValue.fs","C:/Users/HLWei/source/repos/ARC_tools/ARCtrl/src/ISA/ISA/JsonTypes/MaterialAttribute.fs","C:/Users/HLWei/source/repos/ARC_tools/ARCtrl/src/ISA/ISA/JsonTypes/MaterialAttributeValue.fs","C:/Users/HLWei/source/repos/ARC_tools/ARCtrl/src/ISA/ISA/JsonTypes/MaterialType.fs","C:/Users/HLWei/source/repos/ARC_tools/ARCtrl/src/ISA/ISA/JsonTypes/Material.fs","C:/Users/HLWei/source/repos/ARC_tools/ARCtrl/src/ISA/ISA/JsonTypes/Source.fs","C:/Users/HLWei/source/repos/ARC_tools/ARCtrl/src/ISA/ISA/JsonTypes/Sample.fs","C:/Users/HLWei/source/repos/ARC_tools/ARCtrl/src/ISA/ISA/JsonTypes/DataFile.fs","C:/Users/HLWei/source/repos/ARC_tools/ARCtrl/src/ISA/ISA/JsonTypes/Data.fs","C:/Users/HLWei/source/repos/ARC_tools/ARCtrl/src/ISA/ISA/JsonTypes/Publication.fs","C:/Users/HLWei/source/repos/ARC_tools/ARCtrl/src/ISA/ISA/JsonTypes/Person.fs","C:/Users/HLWei/source/repos/ARC_tools/ARCtrl/src/ISA/ISA/JsonTypes/Component.fs","C:/Users/HLWei/source/repos/ARC_tools/ARCtrl/src/ISA/ISA/JsonTypes/ProtocolParameter.fs","C:/Users/HLWei/source/repos/ARC_tools/ARCtrl/src/ISA/ISA/JsonTypes/Protocol.fs","C:/Users/HLWei/source/repos/ARC_tools/ARCtrl/src/ISA/ISA/JsonTypes/ProcessInput.fs","C:/Users/HLWei/source/repos/ARC_tools/ARCtrl/src/ISA/ISA/JsonTypes/ProcessOutput.fs","C:/Users/HLWei/source/repos/ARC_tools/ARCtrl/src/ISA/ISA/JsonTypes/ProcessParameterValue.fs","C:/Users/HLWei/source/repos/ARC_tools/ARCtrl/src/ISA/ISA/JsonTypes/Process.fs","C:/Users/HLWei/source/repos/ARC_tools/ARCtrl/src/ISA/ISA/JsonTypes/ProcessSequence.fs","C:/Users/HLWei/source/repos/ARC_tools/ARCtrl/src/ISA/ISA/JsonTypes/AssayMaterials.fs","C:/Users/HLWei/source/repos/ARC_tools/ARCtrl/src/ISA/ISA/JsonTypes/Assay.fs","C:/Users/HLWei/source/repos/ARC_tools/ARCtrl/src/ISA/ISA/JsonTypes/StudyMaterials.fs","C:/Users/HLWei/source/repos/ARC_tools/ARCtrl/src/ISA/ISA/JsonTypes/Study.fs","C:/Users/HLWei/source/repos/ARC_tools/ARCtrl/src/ISA/ISA/JsonTypes/Investigation.fs","C:/Users/HLWei/source/repos/ARC_tools/ARCtrl/src/ISA/ISA/JsonTypes/ColumnIndex.fs","C:/Users/HLWei/source/repos/ARC_tools/ARCtrl/src/ISA/ISA/ArcTypes/Path.fs","C:/Users/HLWei/source/repos/ARC_tools/ARCtrl/src/ISA/ISA/ArcTypes/Identifier.fs","C:/Users/HLWei/source/repos/ARC_tools/ARCtrl/src/ISA/ISA/ArcTypes/CompositeHeader.fs","C:/Users/HLWei/source/repos/ARC_tools/ARCtrl/src/ISA/ISA/ArcTypes/CompositeCell.fs","C:/Users/HLWei/source/repos/ARC_tools/ARCtrl/src/ISA/ISA/ArcTypes/CompositeRow.fs","C:/Users/HLWei/source/repos/ARC_tools/ARCtrl/src/ISA/ISA/ArcTypes/CompositeColumn.fs","C:/Users/HLWei/source/repos/ARC_tools/ARCtrl/src/ISA/ISA/ArcTypes/ArcTableAux.fs","C:/Users/HLWei/source/repos/ARC_tools/ARCtrl/src/ISA/ISA/ArcTypes/ArcTable.fs","C:/Users/HLWei/source/repos/ARC_tools/ARCtrl/src/ISA/ISA/ArcTypes/ArcTables.fs","C:/Users/HLWei/source/repos/ARC_tools/ARCtrl/src/ISA/ISA/ArcTypes/ArcAssay.fs","C:/Users/HLWei/source/repos/ARC_tools/ARCtrl/src/ISA/ISA/ArcTypes/ArcStudy.fs","C:/Users/HLWei/source/repos/ARC_tools/ARCtrl/src/ISA/ISA/ArcTypes/ArcInvestigation.fs","C:/Users/HLWei/source/repos/ARC_tools/ARCtrl/src/ISA/ISA/ArcTypes/IdentifierSetters.fs","C:/Users/HLWei/source/repos/ARC_tools/ARCtrl/src/ISA/ISA/Builder/Types.fs","C:/Users/HLWei/source/repos/ARC_tools/ARCtrl/src/ISA/ISA/Builder/ProcessBuilder.fs","C:/Users/HLWei/source/repos/ARC_tools/ARCtrl/src/ISA/ISA/Builder/AssayBuilder.fs","C:/Users/HLWei/source/repos/ARC_tools/ARCtrl/src/ISA/ISA/Builder/Transform.fs","C:/Users/HLWei/source/repos/ARC_tools/ARCtrl/src/ISA/ISA.Spreadsheet/AssemblyInfo.fs","C:/Users/HLWei/source/repos/ARC_tools/ARCtrl/src/ISA/ISA.Spreadsheet/CollectionAux.fs","C:/Users/HLWei/source/repos/ARC_tools/ARCtrl/src/ISA/ISA.Spreadsheet/Conversions.fs","C:/Users/HLWei/source/repos/ARC_tools/ARCtrl/src/ISA/ISA.Spreadsheet/Comment.fs","C:/Users/HLWei/source/repos/ARC_tools/ARCtrl/src/ISA/ISA.Spreadsheet/SparseTable.fs","C:/Users/HLWei/source/repos/ARC_tools/ARCtrl/src/ISA/ISA.Spreadsheet/InvestigationFile/Contacts.fs","C:/Users/HLWei/source/repos/ARC_tools/ARCtrl/src/ISA/ISA.Spreadsheet/InvestigationFile/DesignDescriptors.fs","C:/Users/HLWei/source/repos/ARC_tools/ARCtrl/src/ISA/ISA.Spreadsheet/InvestigationFile/Factors.fs","C:/Users/HLWei/source/repos/ARC_tools/ARCtrl/src/ISA/ISA.Spreadsheet/InvestigationFile/Protocols.fs","C:/Users/HLWei/source/repos/ARC_tools/ARCtrl/src/ISA/ISA.Spreadsheet/InvestigationFile/Publication.fs","C:/Users/HLWei/source/repos/ARC_tools/ARCtrl/src/ISA/ISA.Spreadsheet/InvestigationFile/Assays.fs","C:/Users/HLWei/source/repos/ARC_tools/ARCtrl/src/ISA/ISA.Spreadsheet/InvestigationFile/Study.fs","C:/Users/HLWei/source/repos/ARC_tools/ARCtrl/src/ISA/ISA.Spreadsheet/InvestigationFile/OntologySourceReference.fs","C:/Users/HLWei/source/repos/ARC_tools/ARCtrl/src/ISA/ISA.Spreadsheet/InvestigationFile/Investigation.fs","C:/Users/HLWei/source/repos/ARC_tools/ARCtrl/src/ISA/ISA.Spreadsheet/CompositeHeader.fs","C:/Users/HLWei/source/repos/ARC_tools/ARCtrl/src/ISA/ISA.Spreadsheet/CompositeCell.fs","C:/Users/HLWei/source/repos/ARC_tools/ARCtrl/src/ISA/ISA.Spreadsheet/CompositeColumn.fs","C:/Users/HLWei/source/repos/ARC_tools/ARCtrl/src/ISA/ISA.Spreadsheet/ArcTable.fs","C:/Users/HLWei/source/repos/ARC_tools/ARCtrl/src/ISA/ISA.Spreadsheet/ArcAssay.fs","C:/Users/HLWei/source/repos/ARC_tools/ARCtrl/src/ISA/ISA.Spreadsheet/ArcStudy.fs","C:/Users/HLWei/source/repos/ARC_tools/ARCtrl/src/ISA/ISA.Json/Validation/ValidationResult.fs","C:/Users/HLWei/source/repos/ARC_tools/ARCtrl/src/ISA/ISA.Json/Validation/Fable.fs","C:/Users/HLWei/source/repos/ARC_tools/ARCtrl/src/ISA/ISA.Json/Validation/JsonSchemaValidation.fs","C:/Users/HLWei/source/repos/ARC_tools/ARCtrl/src/ISA/ISA.Json/ConverterOptions.fs","C:/Users/HLWei/source/repos/ARC_tools/ARCtrl/src/ISA/ISA.Json/Decode.fs","C:/Users/HLWei/source/repos/ARC_tools/ARCtrl/src/ISA/ISA.Json/GEncode.fs","C:/Users/HLWei/source/repos/ARC_tools/ARCtrl/src/ISA/ISA.Json/Comment.fs","C:/Users/HLWei/source/repos/ARC_tools/ARCtrl/src/ISA/ISA.Json/Ontology.fs","C:/Users/HLWei/source/repos/ARC_tools/ARCtrl/src/ISA/ISA.Json/Factor.fs","C:/Users/HLWei/source/repos/ARC_tools/ARCtrl/src/ISA/ISA.Json/Protocol.fs","C:/Users/HLWei/source/repos/ARC_tools/ARCtrl/src/ISA/ISA.Json/Material.fs","C:/Users/HLWei/source/repos/ARC_tools/ARCtrl/src/ISA/ISA.Json/Data.fs","C:/Users/HLWei/source/repos/ARC_tools/ARCtrl/src/ISA/ISA.Json/Process.fs","C:/Users/HLWei/source/repos/ARC_tools/ARCtrl/src/ISA/ISA.Json/Publication.fs","C:/Users/HLWei/source/repos/ARC_tools/ARCtrl/src/ISA/ISA.Json/Person.fs","C:/Users/HLWei/source/repos/ARC_tools/ARCtrl/src/ISA/ISA.Json/Assay.fs","C:/Users/HLWei/source/repos/ARC_tools/ARCtrl/src/ISA/ISA.Json/Study.fs","C:/Users/HLWei/source/repos/ARC_tools/ARCtrl/src/ISA/ISA.Json/Investigation.fs","C:/Users/HLWei/source/repos/ARC_tools/ARCtrl/src/CWL/Path.fs","C:/Users/HLWei/source/repos/ARC_tools/ARCtrl/src/CWL/Library.fs","C:/Users/HLWei/source/repos/ARC_tools/ARCtrl/src/Contract/Contract.fs","C:/Users/HLWei/source/repos/ARC_tools/ARCtrl/src/ARCtrl/Path.fs","C:/Users/HLWei/source/repos/ARC_tools/ARCtrl/src/ARCtrl/FileSystemTree.fs","C:/Users/HLWei/source/repos/ARC_tools/ARCtrl/src/ARCtrl/Contracts/Contracts.ArcAssay.fs","C:/Users/HLWei/source/repos/ARC_tools/ARCtrl/src/ARCtrl/Contracts/Contracts.ArcStudy.fs","C:/Users/HLWei/source/repos/ARC_tools/ARCtrl/src/ARCtrl/Contracts/Contracts.ArcInvestigation.fs","C:/Users/HLWei/source/repos/ARC_tools/ARCtrl/src/ARCtrl/Contracts/Contracts.ARCtrl.fs","C:/Users/HLWei/source/repos/ARC_tools/ARCtrl/src/ARCtrl/ARCtrl.fs"],"FSharpOptions":["--nowarn:1701,1702,NU1603,NU1604,NU1605,NU1608,1701,1702","--define:TRACE","--define:RELEASE","--define:NETSTANDARD","--define:NETSTANDARD2_0","--define:NETSTANDARD1_0_OR_GREATER","--define:NETSTANDARD1_1_OR_GREATER","--define:NETSTANDARD1_2_OR_GREATER","--define:NETSTANDARD1_3_OR_GREATER","--define:NETSTANDARD1_4_OR_GREATER","--define:NETSTANDARD1_5_OR_GREATER","--define:NETSTANDARD1_6_OR_GREATER","--define:NETSTANDARD2_0_OR_GREATER","--noframework","--nologo","--simpleresolution","--nocopyfsharpcore","--nowin32manifest","--warn:3","--fullpaths","--flaterrors","--optimize-","-r:C:/Users/HLWei/.nuget/packages/thoth.json.net/11.0.0/lib/netstandard2.0/Thoth.Json.Net.dll","-r:C:/Users/HLWei/.nuget/packages/netstandard.library/2.0.3/build/netstandard2.0/ref/System.ValueTuple.dll","-r:C:/Users/HLWei/.nuget/packages/netstandard.library/2.0.3/build/netstandard2.0/ref/System.Threading.Thread.dll","-r:C:/Users/HLWei/.nuget/packages/netstandard.library/2.0.3/build/netstandard2.0/ref/System.Threading.Tasks.dll","-r:C:/Users/HLWei/.nuget/packages/netstandard.library/2.0.3/build/netstandard2.0/ref/System.Threading.dll","-r:C:/Users/HLWei/.nuget/packages/netstandard.library/2.0.3/build/netstandard2.0/ref/System.Text.RegularExpressions.dll","-r:C:/Users/HLWei/.nuget/packages/netstandard.library/2.0.3/build/netstandard2.0/ref/System.Text.Encoding.Extensions.dll","-r:C:/Users/HLWei/.nuget/packages/netstandard.library/2.0.3/build/netstandard2.0/ref/System.Text.Encoding.dll","-r:C:/Users/HLWei/.nuget/packages/netstandard.library/2.0.3/build/netstandard2.0/ref/System.Runtime.Numerics.dll","-r:C:/Users/HLWei/.nuget/packages/netstandard.library/2.0.3/build/netstandard2.0/ref/System.Runtime.InteropServices.dll","-r:C:/Users/HLWei/.nuget/packages/netstandard.library/2.0.3/build/netstandard2.0/ref/System.Runtime.Extensions.dll","-r:C:/Users/HLWei/.nuget/packages/netstandard.library/2.0.3/build/netstandard2.0/ref/System.Runtime.dll","-r:C:/Users/HLWei/.nuget/packages/netstandard.library/2.0.3/build/netstandard2.0/ref/System.Reflection.Primitives.dll","-r:C:/Users/HLWei/.nuget/packages/netstandard.library/2.0.3/build/netstandard2.0/ref/System.Reflection.Extensions.dll","-r:C:/Users/HLWei/.nuget/packages/netstandard.library/2.0.3/build/netstandard2.0/ref/System.Reflection.dll","-r:C:/Users/HLWei/.nuget/packages/netstandard.library/2.0.3/build/netstandard2.0/ref/System.Numerics.dll","-r:C:/Users/HLWei/.nuget/packages/netstandard.library/2.0.3/build/netstandard2.0/ref/System.Net.Requests.dll","-r:C:/Users/HLWei/.nuget/packages/netstandard.library/2.0.3/build/netstandard2.0/ref/System.IO.dll","-r:C:/Users/HLWei/.nuget/packages/netstandard.library/2.0.3/build/netstandard2.0/ref/System.Globalization.dll","-r:C:/Users/HLWei/.nuget/packages/netstandard.library/2.0.3/build/netstandard2.0/ref/System.dll","-r:C:/Users/HLWei/.nuget/packages/netstandard.library/2.0.3/build/netstandard2.0/ref/System.Diagnostics.Tracing.dll","-r:C:/Users/HLWei/.nuget/packages/netstandard.library/2.0.3/build/netstandard2.0/ref/System.Diagnostics.Tools.dll","-r:C:/Users/HLWei/.nuget/packages/netstandard.library/2.0.3/build/netstandard2.0/ref/System.Diagnostics.Debug.dll","-r:C:/Users/HLWei/.nuget/packages/netstandard.library/2.0.3/build/netstandard2.0/ref/System.Core.dll","-r:C:/Users/HLWei/.nuget/packages/netstandard.library/2.0.3/build/netstandard2.0/ref/System.Console.dll","-r:C:/Users/HLWei/.nuget/packages/netstandard.library/2.0.3/build/netstandard2.0/ref/System.ComponentModel.TypeConverter.dll","-r:C:/Users/HLWei/.nuget/packages/netstandard.library/2.0.3/build/netstandard2.0/ref/System.ComponentModel.Primitives.dll","-r:C:/Users/HLWei/.nuget/packages/netstandard.library/2.0.3/build/netstandard2.0/ref/System.ComponentModel.dll","-r:C:/Users/HLWei/.nuget/packages/netstandard.library/2.0.3/build/netstandard2.0/ref/System.Collections.dll","-r:C:/Users/HLWei/.nuget/packages/netstandard.library/2.0.3/build/netstandard2.0/ref/System.Collections.Concurrent.dll","-r:C:/Users/HLWei/.nuget/packages/njsonschema/10.8.0/lib/netstandard2.0/NJsonSchema.dll","-r:C:/Users/HLWei/.nuget/packages/newtonsoft.json/11.0.2/lib/netstandard2.0/Newtonsoft.Json.dll","-r:C:/Users/HLWei/.nuget/packages/netstandard.library/2.0.3/build/netstandard2.0/ref/netstandard.dll","-r:C:/Users/HLWei/.nuget/packages/namotion.reflection/2.1.0/lib/netstandard2.0/Namotion.Reflection.dll","-r:C:/Users/HLWei/.nuget/packages/netstandard.library/2.0.3/build/netstandard2.0/ref/mscorlib.dll","-r:C:/Users/HLWei/.nuget/packages/fable.core/4.0.0/lib/netstandard2.0/Fable.Core.dll","-r:C:\\Users\\HLWei\\.nuget\\packages\\fable\\4.1.4\\tools\\net6.0\\any\\FSharp.Core.dll"],"References":["C:/Users/HLWei/source/repos/ARC_tools/ARCtrl/src/FileSystem/ARCtrl.FileSystem.fsproj","C:/Users/HLWei/source/repos/ARC_tools/ARCtrl/src/ISA/ISA/ARCtrl.ISA.fsproj","C:/Users/HLWei/source/repos/ARC_tools/ARCtrl/src/ISA/ISA.Spreadsheet/ARCtrl.ISA.Spreadsheet.fsproj","C:/Users/HLWei/source/repos/ARC_tools/ARCtrl/src/ISA/ISA.Json/ARCtrl.ISA.Json.fsproj","C:/Users/HLWei/source/repos/ARC_tools/ARCtrl/src/CWL/ARCtrl.CWL.fsproj","C:/Users/HLWei/source/repos/ARC_tools/ARCtrl/src/Contract/ARCtrl.Contract.fsproj"],"OutDir":["Some","C:/Users/HLWei/source/repos/ARC_tools/ARCtrl/dist/js"],"FableLibDir":"C:/Users/HLWei/source/repos/ARC_tools/ARCtrl/dist/js/fable_modules/fable-library.4.1.4","FableModulesDir":"C:/Users/HLWei/source/repos/ARC_tools/ARCtrl/dist/js/fable_modules","OutputType":["Library"],"TargetFramework":"netstandard2.0","Exclude":[],"SourceMaps":false,"SourceMapsRoot":null}